epoch,loss
1,0.055804
2,0.052756
3,0.048889
4,0.045611
5,0.043052
