epoch,loss
1,0.054620
2,0.051556
3,0.048924
